latitude,longitude,uuid,city,name,nearest_node
41.012444,28.977576,479c0f757944110607a63f4ef3d784d5,ISTANBUL,Sirkeci Aile Sağlığı Merkezi,31678593
41.012641,28.977282,d103fb3863aff093adbab87f9d92c02b,ISTANBUL,Eminönü Saglık Ocağı,278366494
41.011882,28.974429,91df02d72ea6bf0d7c99717fdda93877,ISTANBUL,Enfeksiyon Hastaliklari Poliklinigi,2768450516
41.003972,28.981431,90bc204f5fef401bdd42b79cc8faeb77,ISTANBUL,İstanbul Eğitim Ve Araştırma Hastahanesi,566635089
41.002267,28.978829,a7f78eb03753fd3c4b9eccfb8a45865d,ISTANBUL,Deri Ve Tenasül Hastalıkları Hastanesi,3390992014
41.007295,28.96945,e6cd0f08035822fce23372012ab943ca,ISTANBUL,İstinye Devlet Hastanesi,269722921
41.004996,28.968446,80dbb9bcf2ea7fb6e2b615ce717870a3,ISTANBUL,Kumkapı Aile Sağlığı Merkezi,3370722255
41.004722,28.967562,7a8404789d075c6ccbc143177e433c4a,ISTANBUL,Özel Eminönü Tıp Merkezi,248137420
41.006759,28.963909,8e2a8f8bb7cdf4b66f046885eab4c3ed,ISTANBUL,Kadirga Halk Sağliği Merkezi,269722143
41.006139,28.962834,46a35e9e67e0daf71c410f9b0ec7cddd,ISTANBUL,İstanbul Göz Hastanesi Bahçelievler,1024722365
41.005561,28.962087,8a0c6337c34947929184a8f41b4c1082,ISTANBUL,Özel Kumkapı Polikliniği,1024722365
41.013555,28.962797,091b0cb941e96e87ff69e6a075c8f0aa,ISTANBUL,Mediko Göz Polikliniği,3278000385
41.014057,28.962312,4905369b4e6923c28a510f19555009f2,ISTANBUL,İü Fizik Tedavi Ve Rehabilitasyon Servisi,1262447438
41.014057,28.962312,203c57f34ea4599619a98de142f3b2ed,ISTANBUL,İstanbul Esnaf Hastanesi,1262447438
41.014254,28.962017,8c7596671547656f34bf344b59d24a9b,ISTANBUL,Mediko Hastanesi,1262447438
41.014261,28.961928,e1f7ba1c271a7fff47dbb6e67f08eb84,ISTANBUL,İstanbul Üniversitesi Mediko Sosyal Binası,1262447438
41.022018,28.976614,f32668d125ad5d7a6c5080ffbdf4bd98,ISTANBUL,Karakoy Sahil Saglik Denetleme Merkezi,269715458
41.006229,28.958766,a58fe08423626fa436d5d0520caee502,ISTANBUL,İstanbul Universitesi Kardiyoloji Enstitüsü,1938022316
41.02313,28.975248,74d347b0e559d1333d1f4b960a6dc414,ISTANBUL,Karaköy Palas,35918564
41.022922,28.973231,d0e54b92c7f1d2eb8a9460377cca41c1,ISTANBUL,Büyükçekmece Hastanesi,3086205632
41.02365,28.978664,c7d70480394f9c6afd709057d4520afb,ISTANBUL,Türkiye Denizcilik Kurum Tabibliği,1790189653
41.024296,28.974162,cf704af4d85b1a1fc32a6ad1eadbd0ac,ISTANBUL,Avusturya Sen Jorj Hastanesi,1454266236
41.024741,28.974396,53b1211c1cc65599162825746e28a05b,ISTANBUL,Beyin Ve Sinir Hastaliklari,524338253
41.02496,28.973832,852d3cee386543d39c761ebcf770d9ef,ISTANBUL,Beyoğlu Göz Eğitim ve Araştırma Hastanesi,512542110
41.025071,28.974616,7414a375e1a8e9e15e8d38a0d41441b2,ISTANBUL,Saint George Östereichisches Krankenhaus,269357963
41.01345,28.956738,c50e376b1b62eda8802110e8c388de07,ISTANBUL,Şehzadebaşi Tip Merkezi,3081558898
41.013446,28.956122,d5ff644801ab8d54acf916d09d395589,ISTANBUL,Ştm Acil Servis,3081558874
41.013542,28.955635,b436c57404a3629023f874d218a19ae7,ISTANBUL,Şehzadebaşı Tıp Merkezi,278005078
41.016247,28.956586,575187ca78e0ff171e80c6611d41a97f,ISTANBUL,Şehzadebaşı Tıp Merkezi,2195426961
41.009112,28.953802,d53d97581124e16247aa741e4b616d09,ISTANBUL,Millet Ağız-Diş Sağlığı Poliklinik Hizmetleri,4286601036
41.027222,28.978902,9fe6f67142aaa6e999accfce6eca2797,ISTANBUL,Tophane Sağlık Ocağı,269752927
41.01462,28.954516,746c5dc38b3e1486bd78ebffc12d5ecb,ISTANBUL,Haseki Eğitim Araştırma Hastanesi Ortopedi Cerrahi,256098105
41.009405,28.95302,c4e80467cf363969cc78554ae3995b42,ISTANBUL,Reform Lazer Epilasyon - Estetik Cerrahi Merkezi,5416740267
41.003206,28.953743,e5619bbdfd2324dc123d6392af74efb5,ISTANBUL,Fiziksel Tip Ve Rehabilitasyon Anabilim Dali,5414833310
41.021557,28.959746,9dddca034d481a078c780431b8e3d08a,ISTANBUL,Medipol Üniversitesi Diş Hastanesi,3361125318
41.027007,28.985268,33f00cfd1ac05fbb5c96f0ab0e98ea89,ISTANBUL,Turkiye,6537016628
41.026793,28.986512,ad5ca6c4c28c1414c6f466af3f748918,ISTANBUL,Cerrahpaşa Tıp Fak. Genel Cerrahi Özel Servis,6537016628
41.019992,28.957568,ef4d4d5926dc010ec553c0cbcf200c0d,ISTANBUL,Hüsambey Asm,5085549437
41.019837,28.957323,ab51547039f9f01f6a0415b80a9d9839,ISTANBUL,Hüsambey Saglik Ocagi,1061623294
41.028138,28.981231,02ce33666010bb8fac5ce8750e40f616,ISTANBUL,Giovanni Alberto Agnelli Ospedale Italiano,434351581
41.011638,28.951877,9674e32ac9f48ba93f49b37e64113816,ISTANBUL,Medicalpark,278005084
41.016636,28.953867,30627977eb49c1171991905daf0d9986,ISTANBUL,İbb Fatih Hayvan Hastanesi,3289795063
41.028135,28.984307,6b28edbbf01ee0e1ab2df49feb2366e5,ISTANBUL,Õzel Alman Polikliniği Galata,1706449566
41.028583,28.981464,2a2c834e6fd4c3cbf48cde027a25f5c7,ISTANBUL,Italyan Hastanesi - Alberto Agnelli Giovanni,269511901
41.028676,28.981747,ba9a96680f11e48d0844ec8411a6401c,ISTANBUL,İtalyan Hastanesi,269511901
41.028812,28.981491,d266942aab70edc7d14580241aba2239,ISTANBUL,Universal İtalyan Hastanesi,269511901
41.014737,28.95224,fd68ed3bbbed07df316a9b983362498f,ISTANBUL,Medical Park,9426941364
41.014737,28.95224,bced9db1e13b127260323729c3cd1af9,ISTANBUL,Medikalpark,9426941364
41.014737,28.95224,6eaf4b26e2ded95bbeb597dd1495d0ed,ISTANBUL,Fatih Medical Park Hastanesi,9426941364
41.028409,28.984951,4ca92db7be6cfa74ec72b2b54d33a41d,ISTANBUL,Özel Alman Galata Polikliniği,1706449566
41.014859,28.952163,848acded4f80eb2f60a984a348d83929,ISTANBUL,Medikal Park Hastanesi Yoğun Bakım Ünitesi,9426941364
41.028581,28.985135,a81544e98572c8abe5396451f5d6d828,ISTANBUL,Galata Tıp Merkezi,269512116
41.028642,28.985097,32d99bb9ee7463c2ebaf73c8a8a2f718,ISTANBUL,Alman Galata Polikliniği,269512116
41.010637,28.950627,a96a77dc0707ddec3e623c653b74a3e0,ISTANBUL,Ozel Aydent Dis Hastanesi,990018199
41.023209,28.958625,b6353b43d47dd0bd923a4685e843e410,ISTANBUL,Sanita Sağlık Grubu,10613868628
41.015846,28.952236,aff040fd0bfd1006424ec3f01e26de3d,ISTANBUL,Özel Fatih Tıp Merkezi,1061625326
41.029024,28.970774,2f7b845607dd2bd37e37dd7f70d66070,ISTANBUL,Florence Nightingale Kanser Merkezi,781491310
41.013366,28.950538,74ad51e6f3a2bc0391c7dd12d87f62dd,ISTANBUL,Expert Hair Transplant,1059853164
41.016157,28.951474,20be262b48027b08e1020ae6aacc8e6f,ISTANBUL,Grup Florence Nightingale Hastaneleri,1061625212
41.009283,28.949426,b1b05fa29fbd73931b64889547a0ac2f,ISTANBUL,Global Tıp Merkezi,1058892510
41.00954,28.949386,bfdd6bda296033ff0d6cff8c35520b75,ISTANBUL,Globaldraeshtetic,1058892647
41.015722,28.950769,4faab6fd05eaf5a7ce88dcd781174c68,ISTANBUL,Fatih Diyaliz Merkezi,1059852296
41.015446,28.9506,97a85de7ea49d2dc58d0b4db23bf80d0,ISTANBUL,Özel Fatih Hastanesi,1059852486
41.009143,28.949002,2ffe168bb2da7c38b7cf3b04276e3512,ISTANBUL,Üniversal Göz Lazer Hizmetleri,3371725930
41.0155,28.950417,1b153da7da38fa358952e62ced6bca8a,ISTANBUL,Özel Fatih Hastanesi,1059852486
41.016188,28.950732,d328a8a49ebf65570f9e3eb2c321375f,ISTANBUL,Fatih Hastahanesi,1059852296
41.015643,28.950306,94501cd0f116f6b1ed77d34855d7a665,ISTANBUL,Şifa Sağlık Tesisleri,1059852152
41.015643,28.950306,fa18e1853ff3c2353378b7c058a00327,ISTANBUL,Fatih Diyaliz Merkezi,1059852152
41.010245,28.948506,3f4c58cf70165886ef92e3364f84c21a,ISTANBUL,Haseki Hematoloji Servisi,990004096
41.031311,28.974804,7f64533b26bd255426850cd32be5b13d,ISTANBUL,Reşat Berger Eah Tepebaşı Semt Polikliniği,269507244
41.031311,28.974804,2e24ce8a0a6824dbecbf398694f4ab60,ISTANBUL,Tepebaşı Polikliniği,269507244
41.025442,28.957481,ccfcb4fad84516f0794b5ca604b0677a,ISTANBUL,Küçükmustafapasa Saglık Merkezı,3361097239
41.031425,28.974817,4779da9f8779d75a798bedcd9dec87f2,ISTANBUL,Beyoğlu Göz Hastanesi Tepebaşı Poliklinik,269507244
41.031472,28.974959,ac9e17eaf06a4de5ee49a01981e4acc8,ISTANBUL,Beyoğlu Semt Polikliniği,269507244
41.031591,28.975653,8f9b1fa40f6195acee02f564759035a3,ISTANBUL,SSK Beyoğlu Hastanesi,269358326
41.017589,28.949854,a5b3beb448fd774a1bba047a405324c3,ISTANBUL,Bezmiâlem Hastanesi Fatih Polikliniği,1059851524
41.020568,28.951744,95b96ec6bba1ba0227f5fcfd5891e8f5,ISTANBUL,Medipol Univ Hastanesi,1061623090
41.031663,28.982778,8cbd66ae5e2ab35a5d688e08709c1bbe,ISTANBUL,Beyoğlu Merkez Sağlık Ocağı,269512617
41.025768,28.957021,ee09faf9d6da9918aeaf81dc50acad02,ISTANBUL,Küçük Mustafa Paşa Sağlık Ocağı,1061753375
41.015974,28.948305,713d51fae5800547e492a275d4c9f997,ISTANBUL,Kıztaşı Sağlık Ocağı,1059851910
41.009969,28.946606,edea0437ef66d59cc73ae339188267e5,ISTANBUL,Endotem Haseki Cerrahi Merkezi,10093528155
41.030966,28.989022,b3dc90383068b4142498d23533fce39c,ISTANBUL,Galata Poliklinik,2378799404
41.018342,28.949126,08a861c9037b5d81069d2480e6213138,ISTANBUL,Bezmialem Psikiyatri Kliniği,1059851959
41.008979,28.945946,e4ad7f6cd584519f223ee2fea8c4007c,ISTANBUL,Haseki Hastanesi Beyin Cerrahisi,10127897727
41.009614,28.945975,347179e83940e8ff88712cfa134a55d7,ISTANBUL,Haseki Fizik Tedavi Hastanesi,10127897727
41.009277,28.945845,d0607cf913d09df226cba3e91439b7ff,ISTANBUL,Haseki E.A. Hastanesi Poliklinik Binası,10127897727
41.032378,28.98472,d688991a2c2131ea6fe818d13895b63e,ISTANBUL,A1 Varis Merkezi,269504223
41.009284,28.945755,37c1c2e32a23d239109e94ee7f8de93c,ISTANBUL,Oksimer Hiperbarik Oksijen Tedavi Merkezi,10127897727
41.008953,28.945536,9d9a9b1f7947bf826977c0dd6f7b7f2a,ISTANBUL,Haseki Psikiyatri Poliklinigi,1058892851
41.00994,28.945515,347c942b1f76f0e6c40915c6ce23c218,ISTANBUL,Estebel Sağlık Haseki Şubesi,10127897728
41.006353,28.945458,3ea762790bdd0ee8cdd91138a7c7bd9e,ISTANBUL,Haseki Hastanesi Kan Alma Birimi,10603593545
41.012801,28.945828,ff702a3560120a71a819fc83b2468ffd,ISTANBUL,Ozel Vatan Hastanesi Psikiyatri Klinigi,2380735239
41.032951,28.983337,4c8b122b3bb8b2da0c5401e6750bbbea,ISTANBUL,Taksim İlkyardım Eğitim Ve Araştırma Hastanesi,266762728
41.025143,28.953936,d9ed975628a33c64b7da4f941050a2d3,ISTANBUL,Özel Haliç Tıp Merkezi,1061753690
41.033155,28.982953,06532edeb9b1f5934863f520d4025ede,ISTANBUL,Teah Ameliyathane,2377605628
41.033155,28.982953,d8201dcd0dd4e90da404b3344dc5993d,ISTANBUL,Taksim Üroloji,2377605628
41.033155,28.982953,0c8361cddc61fa6d52fb0a9379dff65c,ISTANBUL,Taksim İlkyardım Hastanesi,2377605628
41.013263,28.945641,ad7ccdaad0005a7875bd62550af4ff1e,ISTANBUL,Üniversal Hospital Group,2380735247
41.033209,28.983004,9d9bbfb4f063d3bf5188ad13b3637faa,ISTANBUL,Teah Acil Ameliyathane,2557324212
41.009928,28.944924,831cf09ec1f33db839235639837af965,ISTANBUL,Sevgili Kantin,10127897728
41.007335,28.944757,6c4246f379ad15d86d79884351fd2da6,ISTANBUL,Haseki Hastanesi Psikiyatri Poliklinigi,3371830165
41.033203,28.984545,38e96f90caa34f312089a0860c9718fa,ISTANBUL,Metabolik Cerrahi Ünitesi/Alper Çelik,266759035
41.032975,28.970602,72a87b6797fadfc79137746bc75527f8,ISTANBUL,Beyoğlu Toplum Sağlığı Merkezi,1282037094
41.023625,28.951527,de09a3a20c149afd7dbc750efc36d7fc,ISTANBUL,Özel Haliç Polikliniği,1061753677
41.009758,28.944509,5846bdc31ea344f4be74bdbd3233fd7b,ISTANBUL,Haseki Hastanesi Dahiliye,1058892851
41.010139,28.944451,ae4316fbb632babb7e6100b8b20516be,ISTANBUL,Haseki Hastanesi Kuduz Asi Merkezi,1059239862
41.009971,28.944386,3febf604876cd8382c25764a5e0dc6a1,ISTANBUL,Haseki Eğitim Ve Araştırma Hastanesi,1058892795
41.009289,28.944215,fbe7ecf2e338a697e5f80e0b9129068d,ISTANBUL,Haseki Eah Enfeksiyon Hastalıkları Kliniği,1058996198
41.011018,28.944327,f20623fd3bf5b0311d9e2f6c5c981832,ISTANBUL,Haseki Radyoloji,1059239800
41.011133,28.94434,aa4bc1b810ce17c6a277f5dbd28d936e,ISTANBUL,Haseki Eğitim Araştırma Hastanesi Ortopedi Sevisi,2371697919
41.009655,28.943986,a8f1990ead852512c655f18f3f078c89,ISTANBUL,Haseki E.A. H. Dahiliye Yoğun Bakım Ünitesi,1058996198
41.009371,28.943908,fbd599239b09a9a1c6594db6cecff962,ISTANBUL,Haseki Eah Cildiye Polikliniği,1058996198
41.010351,28.943977,e3699e37f7e3d930108200eb7af432fe,ISTANBUL,İstanbul Üniversitesi Kardiloji Servisi,1059239800
41.010121,28.94395,b2cf3461dd64130b34afbfb60e6bcd47,ISTANBUL,Haseki Üroloji Kliniği,10093528189
41.009845,28.943782,2d8dcbe69dc6443ec0d459cb6d20e9b4,ISTANBUL,Haseki E.A. H. 2. Dahiliye Servisi,1058995810
41.011222,28.943943,2b6426b7dd4ec4cb9825105507596b1c,ISTANBUL,Haseki Ortopedi Servisi,1059239800
41.007481,28.943641,dbdeb91f3c9028cc0c835d81a93c08f9,ISTANBUL,Açık Emar Hekimoğlu,3371812284
41.009859,28.943667,1eac90493216f7f8e732bd81e3602a8b,ISTANBUL,İstanbul Üniversitesi Kardiyoloji Enstitüsü,1058995810
41.001532,28.944714,0fd755f53df442acdca3d61e25b31a98,ISTANBUL,Samatya Hastanesi Dermatoloji,4721908556
41.003981,28.943957,3455f143d880733894d8fde253eb0ab2,ISTANBUL,Cerrahpasa Merkez Laboratuvar,1058894004
41.010157,28.943501,d75b1f78a85c9e8e642c5e3c8bd1602e,ISTANBUL,Haseki Hastanesi Cildiye,10093528189
41.010157,28.943501,88fb89b1f6978eac7ed9da127221aee9,ISTANBUL,Haseki Uroloji,10093528189
41.019128,28.946499,3812ce328cf48317df5264b9fdf3499e,ISTANBUL,Zirve Tıp Merkezi,1059851638
41.006746,28.943419,57f1094217ef10310d869a3b9fdd8fcf,ISTANBUL,T.C. Haseki Eğitim Ve Araştırma Hastanesi,3371827915
41.008894,28.943353,961f80f8db87752edea8faceae7d7c6c,ISTANBUL,İstanbul Üniversitesi Kardiyoloji Enstitüsü,1058996198
41.030385,28.959139,eff18bf590c85faec7531a75594c474a,ISTANBUL,Özel Kastamonu Anadolu Hastanesi,2378719431
41.004246,28.943535,796d861d19b7c1d78a721823a97bde1c,ISTANBUL,Cerrahpasa Tıp Fakültesi Cocuk Uroloji,1058996287
41.009145,28.943111,6b9c8730eeeace5990f0bf70044390d7,ISTANBUL,Haseki Hastanesi Kardioloji Bölümü,1058995835
41.009841,28.943101,41a05754aa3ebf37f431715817cfa9ec,ISTANBUL,Haseki Nöroşirürji Kliniği,1058995810
41.005254,28.943245,6a585a78469edeefdddfcedefb60c6a6,ISTANBUL,Kan Merkezi,1058996556
41.005034,28.943181,975957bb910e507e489dfc1f5c164153,ISTANBUL,İ. Ü. CTF Genel Cerrahi Endoskopi Ünitesi,1058996556
41.010023,28.942987,0eb3fbed9cac8840126bc67b2df4c687,ISTANBUL,Haseki Hastanesi 4. Dahiliye Kliniği,1058995810
41.032924,28.964658,d216fd6ca00eaf1286e52c5b1129c913,ISTANBUL,Okmeydanı Kasımpaşa Ek Acili,1226543807
41.00468,28.943178,0cba4c84a3bceef93b6e1915fee1c394,ISTANBUL,Gorbon C,1058996556
41.006727,28.942919,b06b239e9a9f8fd8c9cd20acbf741055,ISTANBUL,Kaçuv Aile Evi,10603565174
41.01049,28.942951,e9e7d374d7d14cb8dbb603818951f932,ISTANBUL,Haseki Eğitim Araştırma Hastanesi Acil Yoğun Bakım,1058995792
41.01049,28.942951,11197fe93adc27f8ec8d29fd263f2024,ISTANBUL,Haseki Göz Klinigi,1058995792
41.004802,28.943101,e6d4357606a678eed654ae08187432e5,ISTANBUL,Çocuk Cerrahisi,1058996556
41.009977,28.942845,50c37cc0745515edc1c4c1832ece7d6f,ISTANBUL,İ.Ü Kardiyoloji Enstitüsü Biyokimya Lab,1058995810
41.001901,28.94373,665bb859c2f6766edcbc12ecbfbd69b9,ISTANBUL,İ.Ü. CTF. KBB Servis,4637321210
41.004931,28.942935,83b81dca1b44c993258035af68d5b513,ISTANBUL,Cerrah Paşa Hastanesi,1058996556
41.004931,28.942935,16eafad5e0928e0fe1a7f6e3a4d18fa6,ISTANBUL,Gorbon A,1058996556
41.004877,28.942884,dbdfb098d4a1a19fc410d378bd702dda,ISTANBUL,CTF Genel Cerrahi Gürkan B Servisi,1058996556
41.004877,28.942884,871e2a2666564441b08397d055741be4,ISTANBUL,Cerrahpaşa Tıp Fakültesi Şaşılık Merkezi,1058996556
41.017948,29.011849,cdaf94d5b98aaeb18b4a6859309fa5c9,ISTANBUL,İstanbul Verem Savaş Derneği Üsküdar Dispanseri,355319670
41.034781,28.985093,92f76623188c380ac1216c510ce95db7,ISTANBUL,Kardiyoloji Servisi,255088964
41.004418,28.94283,29685b9d0c2b50a0da4eba5aa911dcb8,ISTANBUL,İ.Ü. Cerrahpaşa Tıp Fakültesi Kontakt Lens Birimi,1058996556
41.004242,28.942855,e3f8be079fa61738f4b44bb7029e2975,ISTANBUL,Gogus Cerrahisi Poliklinigi,1058996287
41.004364,28.942778,7049a7037d7226f07e743c675c235d83,ISTANBUL,Cerrahpaşa Plastik Ve Rekonstrüktif Cerrahi Abd,1058996556
41.003661,28.942877,26df2609b883de48ebdd96ce12ce9cbe,ISTANBUL,Nöroşirurji Ameliyathane,1058894180
41.004722,28.942639,abac7bf30917fdfd9bf3e155570dfb08,ISTANBUL,Radyoloji Abd Manyetik Rezonans Görüntüleme Salonu,1058996556
41.017326,28.944385,f94177745ef4d2bf648bda9745beb8cf,ISTANBUL,Çapa Tıp Fakültesi Pediatri Servisi,1059851534
41.005371,28.942488,100b743056cd53bef036365b15f305d3,ISTANBUL,Topuzlu B Servisi,1058996252
41.004844,28.942563,9e227a83b1824b29a58f6bf3a1467c79,ISTANBUL,CTF Genel Cerrahi Endoskopi Ünitesi,1058996556
41.004844,28.942563,ad16cee549a5f338dbc0b41101bb8446,ISTANBUL,Plastik Ve Rekonstrüktif Cerrahi Servisi,1058996556
41.004683,28.942408,0d6b85a8790ba171cdb2a619a11bc935,ISTANBUL,Kalp Damar Cerrahi Poliklinik,1058996556
41.004683,28.942408,62bc65736805dac56aa7b6f851618650,ISTANBUL,Monoblok Ameliyathane,1058996556
41.002857,28.942784,8d4fcf7ed1397d55c40cfa53dcd56e30,ISTANBUL,Cerrahpaşa KBB Anabilim Dalı,2371653282
41.004629,28.942356,efa82e5c386f286b920a7fda4591bd98,ISTANBUL,Cerrahpaşa Üroloji Poliklinik,1058996556
41.035541,28.974031,a1ace8e07a1bf4e80b53f8c573c2d04c,ISTANBUL,Tepebası Hastahanesı,1663362555
41.03566,28.981298,74389dcc94f3b804f53d02f02ab4a6b1,ISTANBUL,El Deva Sağlık Hizmetleri,3450795827
41.024334,28.948785,693a81f1a2d1382ddc17893d12d72594,ISTANBUL,Fatih 1 No'lu Aile Sağlığı Merkezi,1061624339
41.004643,28.942177,cebd480e609743cf519478706619373f,ISTANBUL,Cerrahpaşa Tıp Fakültesi Dermatoloji Polikliniği,1058996556
41.005231,28.942064,a19b773204b136641f71a06a0259f74a,ISTANBUL,Üroloji Polikliniği,1058996252
41.005116,28.942051,21500b7d6d7a3ee72d29325f5459d71f,ISTANBUL,Nöroloji Kliniği,1058996252
41.005245,28.941884,4a084be72fcecdc3a076709cec582c34,ISTANBUL,Cerrahpaşa Tıp Fakültesi Nöroloji Anabilim Dalı,1058996252
41.00459,28.94191,c2d4ecf7781a3f7a73cf14daf7f5fcd9,ISTANBUL,Girişimsel Radyoloji Anjiyografi Ünitesi,1058996556
41.021119,29.011056,7b547f67ef71f1a2de328ef4e2520858,ISTANBUL,Kizilay,6872634142
41.010596,28.941604,67c01ca094745bbf8eca43f716742492,ISTANBUL,Cerrahpaşa İnfizisyon Servisi,1058995779
41.004503,28.941752,02f5abd9d1dec03ae6eab0d5dd427209,ISTANBUL,İ.Ü Cerrahpaşa Üroloji Endoskopi Ünitesi,1058996556
41.033906,28.963957,e7fdc99493088c68c3627ac1a77effd0,ISTANBUL,Kadi Mehmet Aile Sağlığı Merkezi,781490902
41.010036,28.941357,7c891868cc56a170586bfd143cbe8c22,ISTANBUL,Goz Hastaliklari Poliklinigi,1058995777
41.004226,28.941584,6f2376ed8ae2d2e942e2bc3fdb68bfa8,ISTANBUL,Kemik İliği Transplantasyon Servisi,2371653282
41.01165,28.941455,4258b238689fbed000cfc39d866a3107,ISTANBUL,Fizromer Fizik Tedavi,10093528191
41.004112,28.941571,18b6f2c98d43632319ffd0ff971c6b14,ISTANBUL,Çocuk Cerrahisi Ameliyathane,2371653282
41.004585,28.941445,277e57412cc3ea6efcdb603d09a5435e,ISTANBUL,Cerrahpaşa Tıp Fakültesi Medikal Onkoloji Servisi,1058894000
41.014831,29.01466,80992cbc2ecaebdebdd7a3473687e7e5,ISTANBUL,Haydarpaşa Numune Eğitim Ve Araştırma Poliklinler,1573456787
41.016475,28.942699,05301a62930e897fdb0b2c3a5f9278f0,ISTANBUL,Özel Medipol Üniversite Hastanesi,2371697954
41.005126,28.941191,ff3f4f441a62a29cf4c56676181155ce,ISTANBUL,Sağlam Çocuk Polikliniği,1058996252
41.014682,28.941921,e90bac43a7a07b23c23037f2fc0973eb,ISTANBUL,İstanbul Medipol Üniversitesi Vatan Kliniği,1059239574
41.004957,28.941126,318613e609943f079093e10eb633406d,ISTANBUL,Çocuk Hematoloji Servisi,1058996252
41.004255,28.941225,a68d765f5376bc0ee20bc795dec4fc3d,ISTANBUL,Cerrahpaşa Tıp Fakültesi Hastanesi,2371653282
41.026518,28.94972,e37f770fdf54fc77133999b1ae58089e,ISTANBUL,Fatih Asm,1102729695
41.016213,28.942351,8c3a1be49b76a4e82d0c6b92520068e4,ISTANBUL,Akademi Gastroentereloji Ve Hepatoloji Merkezi,1059851832
41.015201,28.941961,be7a426bee7f8c22215e6133b1734132,ISTANBUL,İstanbul Medipol Hastanesi Vatan Kliniği,1059240231
41.015147,28.941909,5aedc0f8ab7d6a5c41aeffce7db0d220,ISTANBUL,Medipol Üniversitesi Vatan Klinikleri,1059239529
41.004049,28.941109,c7d5f868002979840606d1c324098bab,ISTANBUL,Genel Dahiliye II Servisi,2371653282
41.005323,28.940897,1b26bbe2cb2dbb1468f866da3c6ad4ba,ISTANBUL,Tüp Bebek Ünitesi,1058996252
41.004972,28.940946,ad710a9511ed9c421e380ee5478c7e5c,ISTANBUL,Kadın Hastalıkları Ve Doğum Ameliyathane,1058996252
41.004749,28.94083,582d174ef925fd75a2b80b99f5754f60,ISTANBUL,Çocuk Cerrahisi Yoğun Bakım,1058996252
41.005628,28.940706,1a39c0626c43e0d49fd869df2cb20d9d,ISTANBUL,İ.Ü Kadin Hastaliklari Ve Dogum Abd Acil Birim,1058996044
41.005628,28.940706,e5924ec601c75b7e0d988732d468ceda,ISTANBUL,Jinekolojik Onkoloji Bilim Dalı,1058996044
41.005628,28.940706,8ab42532a4342922a4fc3bebc7a0ac13,ISTANBUL,İ.Ü. CTF Jinekolojik Onkoloji Sabanci Binasi,1058996044
41.003695,28.940978,0e785d130372e75c21eccf195def81e6,ISTANBUL,Diyabet Servisi,2371653279
41.004695,28.940778,54392255eccd759c31654f8af3adfa49,ISTANBUL,Dermatoloji Servisi,1058996252
41.006689,28.940467,a749341c9f6a6df21ab359aa1b9dd181,ISTANBUL,Haseki Kadin Dogum Servisi,1058996227
41.035819,28.988796,f2670ade934e2a0dc90b1ed95bf26a19,ISTANBUL,Dr. Gunay Klinik,2385318184
41.00406,28.940749,0b4bd4aa86a866f730650544f45606c4,ISTANBUL,Cerrahpasa Kardiyoloji,2371653279
41.01143,28.940568,b5bf95dec63b8c5aaedcbc5f42765502,ISTANBUL,Özel Laçin Polikinliği,1058995920
41.003297,28.940886,74b4b5252aaabb424bd6d172b8aa7ac7,ISTANBUL,İ.U Cerrahpasa Hastanesi Kit Servisi,2371653279
